{"type_": "GRU", "name": "2019_06_13_19_55", "lr": 0.0020242913130812663, "n_h": 92, "p": 0.3035859816384878, "seq_len": 2}